{"hash": "join-8ac9519cc82da6326d8f23ae", "sample_rate": 24000, "duration_sec": 14.816666666666668, "inference_ms": 34, "created_at": 1781657667.6672862}