{"hash": "join-6e8ae70448f808e161dcaa5e", "sample_rate": 24000, "duration_sec": 15.616666666666667, "inference_ms": 17, "created_at": 1781657730.2254183}