{"hash": "3c6c0dece0fddd77999bf5cb", "sample_rate": 24000, "duration_sec": 10.133333333333333, "inference_ms": 24825, "created_at": 1781659491.8861778}